time[s],data(t-1)[degree],data(t),data(t+1),Average
10,27.1063,27.5947,26.6179,27.1063
20,27.1063,27.1063,27.5947,27.2691
30,27.5947,27.1063,27.1063,27.2691
40,28.0831,27.5947,27.1063,27.5947
50,29.5483,28.0831,27.5947,28.4087
60,30.0367,29.5483,28.0831,29.2227
70,30.0367,30.0367,29.5483,29.8739
80,30.0367,30.0367,30.0367,30.0367
90,31.5019,30.0367,30.0367,30.5251
100,31.9903,31.5019,30.0367,31.1763
110,32.9671,31.9903,31.5019,32.1531
120,33.9439,32.9671,31.9903,32.9671
130,33.9439,33.9439,32.9671,33.6183
140,34.9207,33.9439,33.9439,34.2695
150,35.8975,34.9207,33.9439,34.9207
160,36.8743,35.8975,34.9207,35.8975
170,37.3627,36.8743,35.8975,36.7115
180,38.8279,37.3627,36.8743,37.6883
190,39.3163,38.8279,37.3627,38.5023
200,39.8047,39.3163,38.8279,39.3163
210,41.2699,39.8047,39.3163,40.1303
220,42.2467,41.2699,39.8047,41.1071
230,43.2235,42.2467,41.2699,42.2467
240,43.2235,43.2235,42.2467,42.8979
250,44.6887,43.2235,43.2235,43.7119
260,45.1771,44.6887,43.2235,44.3631
270,46.1539,45.1771,44.6887,45.3399
280,46.6423,46.1539,45.1771,45.9911
290,47.1307,46.6423,46.1539,46.6423
300,48.1075,47.1307,46.6423,47.2935
310,48.1075,48.1075,47.1307,47.7819
320,50.0611,48.1075,48.1075,48.7587
330,50.0611,50.0611,48.1075,49.4099
340,50.5495,50.0611,50.0611,50.2239
350,51.5263,50.5495,50.0611,50.7123
360,51.5263,51.5263,50.5495,51.2007
370,52.9915,51.5263,51.5263,52.0147
380,53.4799,52.9915,51.5263,52.6659
390,53.9683,53.4799,52.9915,53.4799
400,54.9451,53.9683,53.4799,54.1311
410,55.9219,54.9451,53.9683,54.9451
420,55.9219,55.9219,54.9451,55.5963
430,56.4103,55.9219,55.9219,56.0847
440,56.4103,56.4103,55.9219,56.2475
450,57.8755,56.4103,56.4103,56.8987
460,58.3639,57.8755,56.4103,57.5499
470,58.8523,58.3639,57.8755,58.3639
480,59.3407,58.8523,58.3639,58.8523
490,60.3175,59.3407,58.8523,59.5035
500,60.3175,60.3175,59.3407,59.9919
510,61.2943,60.3175,60.3175,60.6431
520,61.7827,61.2943,60.3175,61.1315
530,62.7595,61.7827,61.2943,61.9455
540,63.2479,62.7595,61.7827,62.5967
550,63.2479,63.2479,62.7595,63.0851
560,64.2247,63.2479,63.2479,63.5735
570,64.7131,64.2247,63.2479,64.0619
580,65.2015,64.7131,64.2247,64.7131
590,65.6899,65.2015,64.7131,65.2015
600,66.6667,65.6899,65.2015,65.8527
610,66.6667,66.6667,65.6899,66.3411
620,67.6435,66.6667,66.6667,66.9923
630,68.1319,67.6435,66.6667,67.4807
640,68.6203,68.1319,67.6435,68.1319
650,69.1087,68.6203,68.1319,68.6203
660,69.5971,69.1087,68.6203,69.1087
670,70.5739,69.5971,69.1087,69.7599
680,70.5739,70.5739,69.5971,70.2483
690,71.0623,70.5739,70.5739,70.7367
700,71.5507,71.0623,70.5739,71.0623
710,72.0391,71.5507,71.0623,71.5507
720,72.5275,72.0391,71.5507,72.0391
730,73.0159,72.5275,72.0391,72.5275
740,73.5043,73.0159,72.5275,73.0159
750,73.9927,73.5043,73.0159,73.5043
760,74.9695,73.9927,73.5043,74.1555
770,75.9463,74.9695,73.9927,74.9695
780,75.9463,75.9463,74.9695,75.6207
790,75.9463,75.9463,75.9463,75.9463
800,76.4347,75.9463,75.9463,76.1091
810,77.4115,76.4347,75.9463,76.5975
820,76.9231,77.4115,76.4347,76.9231
830,77.8999,76.9231,77.4115,77.4115
840,78.8767,77.8999,76.9231,77.8999
850,78.8767,78.8767,77.8999,78.5511
860,79.8535,78.8767,78.8767,79.2023
870,80.3419,79.8535,78.8767,79.6907
880,80.3419,80.3419,79.8535,80.1791
890,81.3187,80.3419,80.3419,80.6675
900,81.8071,81.3187,80.3419,81.1559
910,81.8071,81.8071,81.3187,81.6443
920,82.2955,81.8071,81.8071,81.9699
930,83.2723,82.2955,81.8071,82.4583
940,83.2723,83.2723,82.2955,82.9467
950,83.7607,83.2723,83.2723,83.4351
960,84.7375,83.7607,83.2723,83.9235
970,84.7375,84.7375,83.7607,84.4119
980,85.2259,84.7375,84.7375,84.9003
990,85.7143,85.2259,84.7375,85.2259
1000,86.2027,85.7143,85.2259,85.7143
1010,86.6911,86.2027,85.7143,86.2027
1020,87.6679,86.6911,86.2027,86.8539
1030,87.6679,87.6679,86.6911,87.3423
1040,88.1563,87.6679,87.6679,87.8307
1050,88.6447,88.1563,87.6679,88.1563
1060,88.6447,88.6447,88.1563,88.4819
1070,89.1331,88.6447,88.6447,88.8075
1080,89.6215,89.1331,88.6447,89.1331
1090,90.1099,89.6215,89.1331,89.6215
1100,90.1099,90.1099,89.6215,89.9471
1110,90.5983,90.1099,90.1099,90.2727
1120,91.0867,90.5983,90.1099,90.5983
1130,91.5751,91.0867,90.5983,91.0867
1140,92.0635,91.5751,91.0867,91.5751
1150,92.5519,92.0635,91.5751,92.0635
1160,92.0635,92.5519,92.0635,92.2263
1170,93.5287,92.0635,92.5519,92.7147
1180,93.5287,93.5287,92.0635,93.0403
1190,94.0171,93.5287,93.5287,93.6915
1200,94.0171,94.0171,93.5287,93.8543
1210,94.9939,94.0171,94.0171,94.3427
1220,94.9939,94.9939,94.0171,94.6683
1230,95.4823,94.9939,94.9939,95.1567
1240,96.4591,95.4823,94.9939,95.6451
1250,96.4591,96.4591,95.4823,96.1335
1260,96.4591,96.4591,96.4591,96.4591
1270,96.9475,96.4591,96.4591,96.6219
1280,97.4359,96.9475,96.4591,96.9475
1290,97.9243,97.4359,96.9475,97.4359
1300,98.4127,97.9243,97.4359,97.9243
1310,98.4127,98.4127,97.9243,98.2499
1320,98.9011,98.4127,98.4127,98.5755
1330,99.3895,98.9011,98.4127,98.9011
1340,99.3895,99.3895,98.9011,99.2267
1350,100.3663,99.3895,99.3895,99.7151
1360,100.3663,100.3663,99.3895,100.0407
1370,100.3663,100.3663,100.3663,100.3663
1380,100.8547,100.3663,100.3663,100.5291
1390,101.3431,100.8547,100.3663,100.8547
1400,101.8315,101.3431,100.8547,101.3431
1410,102.3199,101.8315,101.3431,101.8315
1420,102.3199,102.3199,101.8315,102.1571
1430,102.8083,102.3199,102.3199,102.4827
1440,102.8083,102.8083,102.3199,102.6455
1450,102.8083,102.8083,102.8083,102.8083
1460,103.7851,102.8083,102.8083,103.1339
1470,104.2735,103.7851,102.8083,103.6223
1480,104.2735,104.2735,103.7851,104.1107
1490,104.7619,104.2735,104.2735,104.4363
1500,104.7619,104.7619,104.2735,104.5991
1510,105.2503,104.7619,104.7619,104.9247
1520,104.7619,105.2503,104.7619,104.9247
1530,105.7387,104.7619,105.2503,105.2503
1540,105.7387,105.7387,104.7619,105.4131
1550,106.2271,105.7387,105.7387,105.9015
1560,106.7155,106.2271,105.7387,106.2271
1570,106.7155,106.7155,106.2271,106.5527
1580,106.7155,106.7155,106.7155,106.7155
1590,107.6923,106.7155,106.7155,107.0411
1600,107.6923,107.6923,106.7155,107.3667
1610,107.6923,107.6923,107.6923,107.6923
1620,108.1807,107.6923,107.6923,107.8551
1630,108.1807,108.1807,107.6923,108.0179
1640,108.6691,108.1807,108.1807,108.3435
1650,109.1575,108.6691,108.1807,108.6691
1660,109.6459,109.1575,108.6691,109.1575
1670,109.6459,109.6459,109.1575,109.4831
1680,110.1343,109.6459,109.6459,109.8087
1690,110.1343,110.1343,109.6459,109.9715
1700,110.1343,110.1343,110.1343,110.1343
1710,110.6228,110.1343,110.1343,110.297133333
1720,111.1112,110.6228,110.1343,110.622766667
1730,111.1112,111.1112,110.6228,110.9484
1740,112.088,111.1112,111.1112,111.4368
1750,111.5996,112.088,111.1112,111.5996
1760,112.088,111.5996,112.088,111.9252
1770,112.5764,112.088,111.5996,112.088
1780,112.5764,112.5764,112.088,112.4136
1790,113.0648,112.5764,112.5764,112.7392
1800,112.5764,113.0648,112.5764,112.7392
1810,113.5532,112.5764,113.0648,113.0648
1820,113.5532,113.5532,112.5764,113.2276
1830,114.0416,113.5532,113.5532,113.716
1840,114.0416,114.0416,113.5532,113.8788
1850,114.53,114.0416,114.0416,114.2044
1860,114.53,114.53,114.0416,114.3672
1870,114.53,114.53,114.53,114.53
1880,115.5068,114.53,114.53,114.8556
1890,115.5068,115.5068,114.53,115.1812
1900,115.5068,115.5068,115.5068,115.5068
1910,115.5068,115.5068,115.5068,115.5068
1920,115.9952,115.5068,115.5068,115.6696
1930,115.9952,115.9952,115.5068,115.8324
1940,116.4836,115.9952,115.9952,116.158
1950,116.972,116.4836,115.9952,116.4836
1960,116.972,116.972,116.4836,116.8092
1970,117.4604,116.972,116.972,117.1348
1980,116.972,117.4604,116.972,117.1348
1990,117.4604,116.972,117.4604,117.2976
2000,117.4604,117.4604,116.972,117.2976
2010,117.9488,117.4604,117.4604,117.6232
2020,117.9488,117.9488,117.4604,117.786
2030,118.4372,117.9488,117.9488,118.1116
2040,118.4372,118.4372,117.9488,118.2744
2050,118.4372,118.4372,118.4372,118.4372
2060,118.9256,118.4372,118.4372,118.6
2070,118.9256,118.9256,118.4372,118.7628
2080,118.9256,118.9256,118.9256,118.9256
2090,119.414,118.9256,118.9256,119.0884
2100,119.9024,119.414,118.9256,119.414
2110,119.414,119.9024,119.414,119.5768
2120,120.3908,119.414,119.9024,119.9024
2130,120.3908,120.3908,119.414,120.0652
2140,120.8792,120.3908,120.3908,120.5536
2150,120.8792,120.8792,120.3908,120.7164
2160,121.3676,120.8792,120.8792,121.042
2170,121.3676,121.3676,120.8792,121.2048
2180,120.8792,121.3676,121.3676,121.2048
2190,121.3676,120.8792,121.3676,121.2048
2200,121.3676,121.3676,120.8792,121.2048
2210,121.856,121.3676,121.3676,121.5304
2220,121.856,121.856,121.3676,121.6932
2230,122.3444,121.856,121.856,122.0188
2240,122.8328,122.3444,121.856,122.3444
2250,122.8328,122.8328,122.3444,122.67
2260,123.3212,122.8328,122.8328,122.9956
2270,122.8328,123.3212,122.8328,122.9956
2280,123.3212,122.8328,123.3212,123.1584
2290,122.8328,123.3212,122.8328,122.9956
2300,123.3212,122.8328,123.3212,123.1584
2310,123.8096,123.3212,122.8328,123.3212
2320,123.8096,123.8096,123.3212,123.6468
2330,124.298,123.8096,123.8096,123.9724
2340,124.7864,124.298,123.8096,124.298
2350,124.7864,124.7864,124.298,124.6236
2360,124.298,124.7864,124.7864,124.6236
2370,124.298,124.298,124.7864,124.4608
2380,124.7864,124.298,124.298,124.4608
2390,124.7864,124.7864,124.298,124.6236
2400,124.7864,124.7864,124.7864,124.7864
2410,124.7864,124.7864,124.7864,124.7864
2420,125.2748,124.7864,124.7864,124.9492
2430,125.7632,125.2748,124.7864,125.2748
2440,125.7632,125.7632,125.2748,125.6004
2450,126.2516,125.7632,125.7632,125.926
2460,126.2516,126.2516,125.7632,126.0888
2470,126.2516,126.2516,126.2516,126.2516
2480,126.2516,126.2516,126.2516,126.2516
2490,126.74,126.2516,126.2516,126.4144
2500,126.74,126.74,126.2516,126.5772
2510,127.2284,126.74,126.74,126.9028
2520,127.2284,127.2284,126.74,127.0656
2530,127.2284,127.2284,127.2284,127.2284
2540,127.2284,127.2284,127.2284,127.2284
2550,127.2284,127.2284,127.2284,127.2284
2560,127.2284,127.2284,127.2284,127.2284
2570,127.7168,127.2284,127.2284,127.3912
2580,128.2052,127.7168,127.2284,127.7168
2590,128.2052,128.2052,127.7168,128.0424
2600,128.2052,128.2052,128.2052,128.2052
2610,128.2052,128.2052,128.2052,128.2052
2620,128.6936,128.2052,128.2052,128.368
2630,128.6936,128.6936,128.2052,128.5308
2640,128.6936,128.6936,128.6936,128.6936
2650,128.2052,128.6936,128.6936,128.5308
2660,129.182,128.2052,128.6936,128.6936
2670,128.6936,129.182,128.2052,128.6936
2680,129.182,128.6936,129.182,129.0192
2690,129.6704,129.182,128.6936,129.182
2700,129.6704,129.6704,129.182,129.5076
2710,129.6704,129.6704,129.6704,129.6704
2720,129.6704,129.6704,129.6704,129.6704
2730,130.1588,129.6704,129.6704,129.8332
2740,129.6704,130.1588,129.6704,129.8332
2750,130.1588,129.6704,130.1588,129.996
2760,130.1588,130.1588,129.6704,129.996
2770,130.1588,130.1588,130.1588,130.1588
2780,130.6472,130.1588,130.1588,130.3216
2790,131.1356,130.6472,130.1588,130.6472
2800,131.1356,131.1356,130.6472,130.9728
2810,131.1356,131.1356,131.1356,131.1356
2820,131.1356,131.1356,131.1356,131.1356
2830,131.1356,131.1356,131.1356,131.1356
2840,131.624,131.1356,131.1356,131.2984
2850,131.1356,131.624,131.1356,131.2984
2860,131.624,131.1356,131.624,131.4612
2870,131.624,131.624,131.1356,131.4612
2880,131.624,131.624,131.624,131.624
2890,131.624,131.624,131.624,131.624
2900,132.1124,131.624,131.624,131.7868
2910,132.1124,132.1124,131.624,131.9496
2920,133.0892,132.1124,132.1124,132.438
2930,132.1124,133.0892,132.1124,132.438
2940,133.0892,132.1124,133.0892,132.7636
2950,132.6008,133.0892,132.1124,132.6008
2960,133.0892,132.6008,133.0892,132.9264
2970,133.0892,133.0892,132.6008,132.9264
2980,133.0892,133.0892,133.0892,133.0892
2990,133.0892,133.0892,133.0892,133.0892
3000,132.6008,133.0892,133.0892,132.9264
3010,133.5776,132.6008,133.0892,133.0892
3020,133.5776,133.5776,132.6008,133.252
3030,133.5776,133.5776,133.5776,133.5776
3040,133.5776,133.5776,133.5776,133.5776
3050,134.066,133.5776,133.5776,133.7404
3060,134.066,134.066,133.5776,133.9032
3070,134.066,134.066,134.066,134.066
3080,134.066,134.066,134.066,134.066
3090,134.066,134.066,134.066,134.066
3100,135.0428,134.066,134.066,134.3916
3110,134.5544,135.0428,134.066,134.5544
3120,134.5544,134.5544,135.0428,134.7172
3130,134.5544,134.5544,134.5544,134.5544
3140,135.0428,134.5544,134.5544,134.7172
3150,135.0428,135.0428,134.5544,134.88
3160,135.0428,135.0428,135.0428,135.0428
3170,135.5312,135.0428,135.0428,135.2056
3180,135.0428,135.5312,135.0428,135.2056
3190,135.0428,135.0428,135.5312,135.2056
3200,135.0428,135.0428,135.0428,135.0428
3210,135.5312,135.0428,135.0428,135.2056
3220,136.0196,135.5312,135.0428,135.5312
3230,136.0196,136.0196,135.5312,135.8568
3240,135.5312,136.0196,136.0196,135.8568
3250,136.0196,135.5312,136.0196,135.8568
3260,136.0196,136.0196,135.5312,135.8568
3270,136.0196,136.0196,136.0196,136.0196
3280,136.0196,136.0196,136.0196,136.0196
3290,136.508,136.0196,136.0196,136.1824
3300,136.508,136.508,136.0196,136.3452
3310,136.508,136.508,136.508,136.508
3320,136.508,136.508,136.508,136.508
3330,136.508,136.508,136.508,136.508
3340,136.9964,136.508,136.508,136.6708
3350,136.508,136.9964,136.508,136.6708
3360,136.9964,136.508,136.9964,136.8336
3370,136.9964,136.9964,136.508,136.8336
3380,136.9964,136.9964,136.9964,136.9964
3390,136.9964,136.9964,136.9964,136.9964
3400,137.9732,136.9964,136.9964,137.322
3410,137.4848,137.9732,136.9964,137.4848
3420,136.9964,137.4848,137.9732,137.4848
3430,137.4848,136.9964,137.4848,137.322
3440,137.9732,137.4848,136.9964,137.4848
3450,137.4848,137.9732,137.4848,137.6476
3460,137.9732,137.4848,137.9732,137.8104
3470,137.9732,137.9732,137.4848,137.8104
3480,137.9732,137.9732,137.9732,137.9732
3490,137.9732,137.9732,137.9732,137.9732
3500,137.9732,137.9732,137.9732,137.9732
3510,138.4616,137.9732,137.9732,138.136
3520,137.9732,138.4616,137.9732,138.136
3530,138.4616,137.9732,138.4616,138.2988
3540,138.95,138.4616,137.9732,138.4616
3550,138.95,138.95,138.4616,138.7872
3560,138.4616,138.95,138.95,138.7872
3570,138.95,138.4616,138.95,138.7872
3580,138.95,138.95,138.4616,138.7872
3590,138.95,138.95,138.95,138.95
3600,138.95,138.95,138.95,138.95
3610,139.4384,138.95,138.95,139.1128
3620,139.4384,139.4384,138.95,139.2756
3630,139.4384,139.4384,139.4384,139.4384
3640,139.4384,139.4384,139.4384,139.4384
3650,139.4384,139.4384,139.4384,139.4384
3660,139.4384,139.4384,139.4384,139.4384
3670,138.95,139.4384,139.4384,139.2756
3680,139.4384,138.95,139.4384,139.2756
3690,139.4384,139.4384,138.95,139.2756
3700,139.4384,139.4384,139.4384,139.4384
3710,139.9268,139.4384,139.4384,139.6012
3720,139.9268,139.9268,139.4384,139.764
3730,139.9268,139.9268,139.9268,139.9268
3740,139.9268,139.9268,139.9268,139.9268
3750,139.9268,139.9268,139.9268,139.9268
3760,140.4152,139.9268,139.9268,140.0896
3770,140.4152,140.4152,139.9268,140.2524
3780,140.4152,140.4152,140.4152,140.4152
3790,139.9268,140.4152,140.4152,140.2524
3800,140.9036,139.9268,140.4152,140.4152
3810,140.4152,140.9036,139.9268,140.4152
3820,140.9036,140.4152,140.9036,140.7408
3830,140.9036,140.9036,140.4152,140.7408
3840,140.9036,140.9036,140.9036,140.9036
3850,140.9036,140.9036,140.9036,140.9036
3860,140.9036,140.9036,140.9036,140.9036
3870,140.9036,140.9036,140.9036,140.9036
3880,141.392,140.9036,140.9036,141.0664
3890,140.9036,141.392,140.9036,141.0664
3900,141.392,140.9036,141.392,141.2292
3910,140.9036,141.392,140.9036,141.0664
3920,141.392,140.9036,141.392,141.2292
3930,141.392,141.392,140.9036,141.2292
3940,140.9036,141.392,141.392,141.2292
3950,141.8804,140.9036,141.392,141.392
3960,141.8804,141.8804,140.9036,141.5548
3970,141.8804,141.8804,141.8804,141.8804
3980,141.392,141.8804,141.8804,141.7176
3990,141.392,141.392,141.8804,141.5548
4000,141.8804,141.392,141.392,141.5548
4010,141.8804,141.8804,141.392,141.7176
4020,141.8804,141.8804,141.8804,141.8804
4030,141.8804,141.8804,141.8804,141.8804
4040,141.8804,141.8804,141.8804,141.8804
4050,141.8804,141.8804,141.8804,141.8804
4060,141.8804,141.8804,141.8804,141.8804
4070,142.3688,141.8804,141.8804,142.0432
4080,141.8804,142.3688,141.8804,142.0432
4090,142.3688,141.8804,142.3688,142.206
4100,142.3688,142.3688,141.8804,142.206
4110,142.3688,142.3688,142.3688,142.3688
4120,142.3688,142.3688,142.3688,142.3688
4130,142.8572,142.3688,142.3688,142.5316
4140,142.3688,142.8572,142.3688,142.5316
4150,142.8572,142.3688,142.8572,142.6944
4160,142.8572,142.8572,142.3688,142.6944
4170,142.8572,142.8572,142.8572,142.8572
4180,142.8572,142.8572,142.8572,142.8572
4190,143.3456,142.8572,142.8572,143.02
4200,142.8572,143.3456,142.8572,143.02
4210,142.8572,142.8572,143.3456,143.02
4220,142.8572,142.8572,142.8572,142.8572
4230,142.8572,142.8572,142.8572,142.8572
4240,143.3456,142.8572,142.8572,143.02
4250,143.3456,143.3456,142.8572,143.1828
4260,143.3456,143.3456,143.3456,143.3456
4270,143.3456,143.3456,143.3456,143.3456
4280,143.3456,143.3456,143.3456,143.3456
4290,143.3456,143.3456,143.3456,143.3456
4300,143.3456,143.3456,143.3456,143.3456
4310,143.3456,143.3456,143.3456,143.3456
4320,143.3456,143.3456,143.3456,143.3456
4330,143.3456,143.3456,143.3456,143.3456
4340,143.834,143.3456,143.3456,143.5084
4350,143.834,143.834,143.3456,143.6712
4360,143.834,143.834,143.834,143.834
4370,143.834,143.834,143.834,143.834
4380,144.3224,143.834,143.834,143.9968
4390,143.834,144.3224,143.834,143.9968
4400,144.3224,143.834,144.3224,144.1596
4410,143.834,144.3224,143.834,143.9968
4420,144.3224,143.834,144.3224,144.1596
4430,143.834,144.3224,143.834,143.9968
4440,143.834,143.834,144.3224,143.9968
4450,144.8108,143.834,143.834,144.1596
4460,144.3224,144.8108,143.834,144.3224
4470,144.8108,144.3224,144.8108,144.648
4480,144.8108,144.8108,144.3224,144.648
4490,144.8108,144.8108,144.8108,144.8108
4500,144.8108,144.8108,144.8108,144.8108
4510,144.8108,144.8108,144.8108,144.8108
4520,144.8108,144.8108,144.8108,144.8108
4530,144.8108,144.8108,144.8108,144.8108
4540,144.8108,144.8108,144.8108,144.8108
4550,144.8108,144.8108,144.8108,144.8108
4560,144.8108,144.8108,144.8108,144.8108
4570,144.8108,144.8108,144.8108,144.8108
4580,144.8108,144.8108,144.8108,144.8108
4590,145.2992,144.8108,144.8108,144.9736
4600,144.8108,145.2992,144.8108,144.9736
4610,144.8108,144.8108,145.2992,144.9736
4620,145.2992,144.8108,144.8108,144.9736
4630,144.8108,145.2992,144.8108,144.9736
4640,145.2992,144.8108,145.2992,145.1364
4650,145.2992,145.2992,144.8108,145.1364
4660,144.8108,145.2992,145.2992,145.1364
4670,145.7876,144.8108,145.2992,145.2992
4680,145.7876,145.7876,144.8108,145.462
4690,145.2992,145.7876,145.7876,145.6248
4700,145.7876,145.2992,145.7876,145.6248
4710,145.2992,145.7876,145.2992,145.462
4720,145.7876,145.2992,145.7876,145.6248
4730,145.7876,145.7876,145.2992,145.6248
4740,145.7876,145.7876,145.7876,145.7876
4750,145.2992,145.7876,145.7876,145.6248
4760,145.7876,145.2992,145.7876,145.6248
4770,145.7876,145.7876,145.2992,145.6248
4780,146.276,145.7876,145.7876,145.9504
4790,145.7876,146.276,145.7876,145.9504
4800,145.7876,145.7876,146.276,145.9504
4810,146.276,145.7876,145.7876,145.9504
4820,146.276,146.276,145.7876,146.1132
4830,145.7876,146.276,146.276,146.1132
4840,145.7876,145.7876,146.276,145.9504
4850,146.276,145.7876,145.7876,145.9504
4860,146.276,146.276,145.7876,146.1132
4870,146.276,146.276,146.276,146.276
4880,145.7876,146.276,146.276,146.1132
4890,145.7876,145.7876,146.276,145.9504
4900,145.7876,145.7876,145.7876,145.7876
4910,146.276,145.7876,145.7876,145.9504
4920,146.276,146.276,145.7876,146.1132
4930,146.276,146.276,146.276,146.276
4940,146.7644,146.276,146.276,146.4388
4950,145.7876,146.7644,146.276,146.276
4960,146.7644,145.7876,146.7644,146.4388
4970,146.276,146.7644,145.7876,146.276
4980,146.7644,146.276,146.7644,146.6016
4990,146.7644,146.7644,146.276,146.6016
5000,146.7644,146.7644,146.7644,146.7644
5010,146.7644,146.7644,146.7644,146.7644
5020,146.7644,146.7644,146.7644,146.7644
5030,146.7644,146.7644,146.7644,146.7644
5040,146.7644,146.7644,146.7644,146.7644
5050,146.7644,146.7644,146.7644,146.7644
5060,146.7644,146.7644,146.7644,146.7644
5070,146.7644,146.7644,146.7644,146.7644
5080,146.7644,146.7644,146.7644,146.7644
5090,147.2528,146.7644,146.7644,146.9272
5100,147.2528,147.2528,146.7644,147.09
5110,146.7644,147.2528,147.2528,147.09
5120,147.2528,146.7644,147.2528,147.09
5130,146.7644,147.2528,146.7644,146.9272
5140,147.2528,146.7644,147.2528,147.09
5150,147.2528,147.2528,146.7644,147.09
5160,146.7644,147.2528,147.2528,147.09
5170,147.2528,146.7644,147.2528,147.09
5180,147.2528,147.2528,146.7644,147.09
5190,147.7412,147.2528,147.2528,147.4156
5200,147.7412,147.7412,147.2528,147.5784
5210,147.2528,147.7412,147.7412,147.5784
5220,147.2528,147.2528,147.7412,147.4156
5230,147.7412,147.2528,147.2528,147.4156
5240,147.2528,147.7412,147.2528,147.4156
5250,147.7412,147.2528,147.7412,147.5784
5260,147.2528,147.7412,147.2528,147.4156
5270,147.7412,147.2528,147.7412,147.5784
5280,147.7412,147.7412,147.2528,147.5784
5290,147.2528,147.7412,147.7412,147.5784
5300,147.7412,147.2528,147.7412,147.5784
5310,147.7412,147.7412,147.2528,147.5784
5320,147.7412,147.7412,147.7412,147.7412
5330,147.7412,147.7412,147.7412,147.7412
5340,147.2528,147.7412,147.7412,147.5784
5350,147.7412,147.2528,147.7412,147.5784
5360,147.7412,147.7412,147.2528,147.5784
5370,147.7412,147.7412,147.7412,147.7412
5380,148.2296,147.7412,147.7412,147.904
5390,147.7412,148.2296,147.7412,147.904
5400,148.2296,147.7412,148.2296,148.0668
5410,147.2528,148.2296,147.7412,147.7412
5420,147.7412,147.2528,148.2296,147.7412
5430,147.7412,147.7412,147.2528,147.5784
5440,147.7412,147.7412,147.7412,147.7412
5450,148.2296,147.7412,147.7412,147.904
5460,148.2296,148.2296,147.7412,148.0668
5470,147.7412,148.2296,148.2296,148.0668
5480,147.7412,147.7412,148.2296,147.904
5490,147.7412,147.7412,147.7412,147.7412
5500,147.7412,147.7412,147.7412,147.7412
5510,148.2296,147.7412,147.7412,147.904
5520,147.7412,148.2296,147.7412,147.904
5530,148.2296,147.7412,148.2296,148.0668
5540,148.2296,148.2296,147.7412,148.0668
5550,148.2296,148.2296,148.2296,148.2296
5560,148.2296,148.2296,148.2296,148.2296
5570,148.2296,148.2296,148.2296,148.2296
5580,148.2296,148.2296,148.2296,148.2296
5590,148.2296,148.2296,148.2296,148.2296
5600,148.2296,148.2296,148.2296,148.2296
5610,148.2296,148.2296,148.2296,148.2296
5620,148.2296,148.2296,148.2296,148.2296
5630,148.718,148.2296,148.2296,148.3924
5640,148.2296,148.718,148.2296,148.3924
5650,148.718,148.2296,148.718,148.5552
5660,148.718,148.718,148.2296,148.5552
5670,148.718,148.718,148.718,148.718
5680,148.718,148.718,148.718,148.718
5690,148.718,148.718,148.718,148.718
5700,148.718,148.718,148.718,148.718
5710,148.718,148.718,148.718,148.718
5720,148.2296,148.718,148.718,148.5552
5730,148.718,148.2296,148.718,148.5552
5740,148.2296,148.718,148.2296,148.3924
5750,148.718,148.2296,148.718,148.5552
5760,148.718,148.718,148.2296,148.5552
5770,148.718,148.718,148.718,148.718
5780,148.718,148.718,148.718,148.718
5790,148.718,148.718,148.718,148.718
5800,148.718,148.718,148.718,148.718
5810,148.718,148.718,148.718,148.718
5820,148.718,148.718,148.718,148.718
5830,149.2064,148.718,148.718,148.8808
5840,148.718,149.2064,148.718,148.8808
5850,148.718,148.718,149.2064,148.8808
5860,148.718,148.718,148.718,148.718
5870,148.718,148.718,148.718,148.718
5880,148.718,148.718,148.718,148.718
5890,148.718,148.718,148.718,148.718
5900,149.2064,148.718,148.718,148.8808
5910,148.718,149.2064,148.718,148.8808
5920,149.2064,148.718,149.2064,149.0436
5930,148.718,149.2064,148.718,148.8808
5940,148.718,148.718,149.2064,148.8808
5950,149.2064,148.718,148.718,148.8808
5960,149.2064,149.2064,148.718,149.0436
5970,148.718,149.2064,149.2064,149.0436
5980,148.718,148.718,149.2064,148.8808
5990,148.718,148.718,148.718,148.718
6000,149.6948,148.718,148.718,149.0436
6010,148.718,149.6948,148.718,149.0436
6020,149.6948,148.718,149.6948,149.3692
6030,149.2064,149.6948,148.718,149.2064
6040,149.2064,149.2064,149.6948,149.3692
6050,149.2064,149.2064,149.2064,149.2064
6060,149.2064,149.2064,149.2064,149.2064
6070,149.2064,149.2064,149.2064,149.2064
6080,149.2064,149.2064,149.2064,149.2064
6090,148.718,149.2064,149.2064,149.0436
6100,149.2064,148.718,149.2064,149.0436
6110,149.2064,149.2064,148.718,149.0436
6120,149.2064,149.2064,149.2064,149.2064
6130,149.2064,149.2064,149.2064,149.2064
6140,149.2064,149.2064,149.2064,149.2064
6150,149.2064,149.2064,149.2064,149.2064
6160,149.2064,149.2064,149.2064,149.2064
6170,149.6948,149.2064,149.2064,149.3692
6180,149.6948,149.6948,149.2064,149.532
6190,149.2064,149.6948,149.6948,149.532
6200,149.6948,149.2064,149.6948,149.532
6210,149.6948,149.6948,149.2064,149.532
6220,149.6948,149.6948,149.6948,149.6948
6230,149.6948,149.6948,149.6948,149.6948
6240,149.6948,149.6948,149.6948,149.6948
6250,149.2064,149.6948,149.6948,149.532
6260,150.1832,149.2064,149.6948,149.6948
6270,149.6948,150.1832,149.2064,149.6948
6280,149.6948,149.6948,150.1832,149.8576
6290,149.6948,149.6948,149.6948,149.6948
6300,149.2064,149.6948,149.6948,149.532
6310,149.6948,149.2064,149.6948,149.532
6320,149.6948,149.6948,149.2064,149.532
6330,149.6948,149.6948,149.6948,149.6948
6340,149.6948,149.6948,149.6948,149.6948
6350,149.6948,149.6948,149.6948,149.6948
6360,149.6948,149.6948,149.6948,149.6948
6370,149.2064,149.6948,149.6948,149.532
6380,150.1832,149.2064,149.6948,149.6948
6390,149.6948,150.1832,149.2064,149.6948
6400,149.6948,149.6948,150.1832,149.8576
6410,150.1832,149.6948,149.6948,149.8576
6420,149.6948,150.1832,149.6948,149.8576
6430,150.1832,149.6948,150.1832,150.0204
6440,150.1832,150.1832,149.6948,150.0204
6450,149.6948,150.1832,150.1832,150.0204
6460,149.6948,149.6948,150.1832,149.8576
6470,150.1832,149.6948,149.6948,149.8576
6480,149.6948,150.1832,149.6948,149.8576
6490,150.1832,149.6948,150.1832,150.0204
6500,150.1832,150.1832,149.6948,150.0204
6510,150.1832,150.1832,150.1832,150.1832
6520,150.1832,150.1832,150.1832,150.1832
6530,149.6948,150.1832,150.1832,150.0204
6540,150.1832,149.6948,150.1832,150.0204
6550,150.1832,150.1832,149.6948,150.0204
6560,149.6948,150.1832,150.1832,150.0204
6570,150.1832,149.6948,150.1832,150.0204
6580,150.1832,150.1832,149.6948,150.0204
6590,150.1832,150.1832,150.1832,150.1832
6600,150.1832,150.1832,150.1832,150.1832
6610,149.6948,150.1832,150.1832,150.0204
6620,150.6716,149.6948,150.1832,150.1832
6630,150.1832,150.6716,149.6948,150.1832
6640,150.1832,150.1832,150.6716,150.346
6650,150.1832,150.1832,150.1832,150.1832
6660,150.1832,150.1832,150.1832,150.1832
6670,150.1832,150.1832,150.1832,150.1832
6680,150.6716,150.1832,150.1832,150.346
6690,150.1832,150.6716,150.1832,150.346
6700,150.6716,150.1832,150.6716,150.5088
6710,150.1832,150.6716,150.1832,150.346
6720,150.6716,150.1832,150.6716,150.5088
6730,150.6716,150.6716,150.1832,150.5088
6740,150.6716,150.6716,150.6716,150.6716
6750,150.1832,150.6716,150.6716,150.5088
6760,150.6716,150.1832,150.6716,150.5088
6770,150.6716,150.6716,150.1832,150.5088
6780,150.6716,150.6716,150.6716,150.6716
6790,150.6716,150.6716,150.6716,150.6716
6800,150.6716,150.6716,150.6716,150.6716
6810,150.1832,150.6716,150.6716,150.5088
6820,150.6716,150.1832,150.6716,150.5088
6830,150.1832,150.6716,150.1832,150.346
6840,150.6716,150.1832,150.6716,150.5088
6850,150.6716,150.6716,150.1832,150.5088
6860,150.6716,150.6716,150.6716,150.6716
6870,150.6716,150.6716,150.6716,150.6716
6880,150.1832,150.6716,150.6716,150.5088
6890,150.6716,150.1832,150.6716,150.5088
6900,150.6716,150.6716,150.1832,150.5088
6910,151.16,150.6716,150.6716,150.8344
6920,150.6716,151.16,150.6716,150.8344
6930,150.1832,150.6716,151.16,150.6716
6940,151.16,150.1832,150.6716,150.6716
6950,150.1832,151.16,150.1832,150.5088
6960,150.6716,150.1832,151.16,150.6716
6970,150.6716,150.6716,150.1832,150.5088
6980,151.16,150.6716,150.6716,150.8344
6990,151.16,151.16,150.6716,150.9972
7000,150.6716,151.16,151.16,150.9972
7010,150.6716,150.6716,151.16,150.8344
7020,151.16,150.6716,150.6716,150.8344
7030,150.6716,151.16,150.6716,150.8344
7040,150.6716,150.6716,151.16,150.8344
7050,150.6716,150.6716,150.6716,150.6716
7060,150.6716,150.6716,150.6716,150.6716
7070,150.6716,150.6716,150.6716,150.6716
7080,150.6716,150.6716,150.6716,150.6716
7090,150.6716,150.6716,150.6716,150.6716
7100,150.6716,150.6716,150.6716,150.6716
7110,150.6716,150.6716,150.6716,150.6716
7120,150.6716,150.6716,150.6716,150.6716
7130,151.16,150.6716,150.6716,150.8344
7140,151.16,151.16,150.6716,150.9972
7150,150.6716,151.16,151.16,150.9972
7160,150.6716,150.6716,151.16,150.8344
7170,150.6716,150.6716,150.6716,150.6716
7180,150.6716,150.6716,150.6716,150.6716
7190,150.6716,150.6716,150.6716,150.6716
7200,150.6716,150.6716,150.6716,150.6716
7210,151.16,150.6716,150.6716,150.8344
7220,151.16,151.16,150.6716,150.9972
7230,150.1832,151.16,151.16,150.8344
7240,151.16,150.1832,151.16,150.8344
7250,151.16,151.16,150.1832,150.8344
7260,150.6716,151.16,151.16,150.9972
7270,151.16,150.6716,151.16,150.9972
7280,151.16,151.16,150.6716,150.9972
7290,151.16,151.16,151.16,151.16
7300,150.6716,151.16,151.16,150.9972
7310,151.16,150.6716,151.16,150.9972
7320,150.6716,151.16,150.6716,150.8344
7330,151.16,150.6716,151.16,150.9972
7340,151.16,151.16,150.6716,150.9972
